{"cameraMode":{"drawMode":0,"name":"Shaded","section":"Shading Mode"},"sceneLighting":true,"audioPlay":false,"sceneViewState":{"m_AlwaysRefresh":false,"showFog":true,"showSkybox":true,"showFlares":true,"showImageEffects":true,"showParticleSystems":true,"showVisualEffectGraphs":true,"m_FxEnabled":true},"in2DMode":false,"pivot":{"x":184.36700439453126,"y":47.66410827636719,"z":317.12322998046877},"rotation":{"x":-0.007124008610844612,"y":0.13788969814777375,"z":0.000992062734439969,"w":0.9905828237533569},"size":0.8660253882408142,"orthographic":false}